,location,total_cases_per_million,new_cases_per_million,total_deaths_per_million,new_deaths_per_million,new_tests_smoothed_per_thousand,positive_rate,tests_per_case,people_vaccinated_per_hundred,people_fully_vaccinated_per_hundred,stringency_index,population_density,median_age,aged_65_older,aged_70_older,gdp_per_capita,extreme_poverty,cardiovasc_death_rate,diabetes_prevalence,female_smokers,male_smokers,hospital_beds_per_thousand,life_expectancy,human_development_index,is_asia,is_europe,is_africa,is_north_america,is_south_america,is_oceania
0,Afghanistan,4140.920333333333,13.660333333333334,186.3165,0.07533333333333335,0.033,0.47924999999999995,2.1166666666666667,11.49,9.82,19.44,54.422000000000004,18.599999999999998,2.581,1.337,1803.9870000000003,30.245516038912584,597.029,9.590000000000002,0.6517427871899134,16.355066874819965,0.5,64.83,0.511,1.0,0.0,0.0,0.0,0.0,0.0
1,Albania,91195.44683333334,352.7753333333333,1171.3925,1.9725000000000001,0.7461666666666668,0.6178500000000001,1.6166666666666665,43.615,40.44,61.11000000000001,104.871,38.0,13.188,8.642999999999999,11803.430999999999,1.0999999999999999,304.195,10.08,7.1000000000000005,51.199999999999996,2.89,78.57,0.795,0.0,1.0,0.0,0.0,0.0,0.0
2,Algeria,5740.091333333333,21.8865,148.42,0.2503333333333333,8.940423330526079,0.032456522518167545,54157.41427628462,53.06542433464745,43.653433670005946,64.505,17.348,29.099999999999998,6.210999999999999,3.8569999999999998,13913.839000000002,0.5,278.36400000000003,6.730000000000001,0.7000000000000001,30.400000000000002,1.9000000000000001,76.88,0.7480000000000001,0.0,0.0,1.0,0.0,0.0,0.0
4,Angola,2897.1620000000003,1.218,55.864,0.004833333333333333,0.07733333333333332,0.022566666666666665,50.76666666666667,29.47,14.38,70.37,23.89,16.8,2.405,1.3619999999999999,5819.495,14.854053948513046,276.045,3.94,0.9457187036260981,25.85623352979308,0.8814961945006689,61.15,0.581,0.0,0.0,1.0,0.0,0.0,0.0
6,Argentina,186885.4335,771.9153333333334,2679.5043333333333,5.1565,1.5141666666666669,0.39116666666666666,2.5666666666666664,88.36166666666668,78.00166666666668,49.07,16.176999999999996,31.900000000000002,11.198,7.441,18933.907000000003,0.6,191.032,5.5,16.2,27.7,5.0,76.67,0.8449999999999999,0.0,0.0,0.0,0.0,1.0,0.0
7,Armenia,128362.10800000001,1244.4433333333332,2719.053833333333,1.8531666666666669,2.624333333333334,0.4043333333333334,2.5000000000000004,35.52,28.94,55.03310186445415,102.931,35.699999999999996,11.232000000000001,7.571000000000001,8787.58,1.8,341.01,7.11,1.5,52.1,4.2,75.09000000000002,0.7759999999999999,1.0,0.0,0.0,0.0,0.0,0.0
8,Australia,104222.48916666665,1112.4008333333334,158.77383333333333,2.669166666666667,4.376166666666666,0.1415,7.166666666666667,84.41833333333334,78.57333333333334,55.56,3.2019999999999995,37.9,15.504000000000003,10.129,44648.71,0.5,107.79099999999998,5.07,13.0,16.5,3.84,83.44,0.9440000000000001,0.0,0.0,0.0,0.0,0.0,1.0
9,Austria,215498.7818333333,3713.763833333333,1909.2884999999999,1.9720000000000002,81.38966666666667,0.04481666666666667,22.383333333333336,75.10000000000001,72.11,61.11000000000001,106.74900000000001,44.4,19.202,13.748,45436.685999999994,0.7000000000000001,145.183,6.3500000000000005,28.400000000000002,30.900000000000002,7.37,81.54,0.922,0.0,1.0,0.0,0.0,0.0,0.0
10,Azerbaijan,66575.44416666667,655.102,861.9326666666667,2.2335000000000003,1.437,0.33801666666666663,3.0,51.26,46.43833333333333,79.63,119.30899999999998,32.4,6.018,3.871000000000001,15847.419,11.60421702004855,559.812,7.11,0.3,42.5,4.7,73.0,0.7559999999999999,1.0,0.0,0.0,0.0,0.0,0.0
11,Bahamas,82343.1945,88.60000000000001,1886.2186666666666,2.9393333333333334,1.0321666666666667,0.10361666666666669,9.916666666666666,57.043394421115664,53.87910696615692,42.59,39.49700000000001,34.300000000000004,8.996,5.2,27717.847000000005,0.17479382477347596,235.95399999999998,13.17,3.1,20.400000000000002,2.9,73.92,0.8140000000000001,0.0,0.0,0.0,1.0,0.0,0.0
12,Bahrain,229977.01583333328,4433.462333333334,806.4046666666667,0.28600000000000003,15.323666666666668,0.26333333333333336,3.8166666666666664,70.09333333333332,68.37333333333332,50.93,1935.907,32.4,2.372,1.3869999999999998,43290.70500000001,0.7763377237846559,151.689,16.52,5.8,37.6,2.0,77.29,0.852,1.0,0.0,0.0,0.0,0.0,0.0
13,Bangladesh,11055.580499999998,62.83599999999999,171.42650000000003,0.19499999999999998,0.25883333333333336,0.28486666666666666,3.5,58.5,37.5,68.52,1265.036,27.5,5.098,3.262,3523.9840000000004,14.799999999999999,298.003,8.38,1.0,44.699999999999996,0.7999999999999999,72.59000000000002,0.632,1.0,0.0,0.0,0.0,0.0,0.0
14,Barbados,162641.17316666667,2206.5195,987.1116666666667,3.4758333333333336,4.525389527460393,0.2990297939233331,3.5447857491800687,55.25666666666667,51.29,59.26,664.4630000000001,39.800000000000004,14.952,9.472999999999999,16978.068,1.608912733829591,170.04999999999998,13.569999999999999,1.9000000000000001,14.5,5.8,79.19,0.8140000000000001,0.0,0.0,0.0,1.0,0.0,0.0
15,Belarus,80381.36083333334,607.8308333333334,646.7846666666666,1.6768333333333334,3.7548333333333335,0.09406666666666667,11.450000000000001,57.050000000000004,46.31,23.150000000000002,46.858000000000004,40.300000000000004,14.799000000000001,9.787999999999998,17167.967,0.8009423701749689,443.12899999999996,5.18,10.5,46.1,11.0,74.79,0.8230000000000001,0.0,1.0,0.0,0.0,0.0,0.0
16,Belgium,280390.8483333333,2017.3508333333332,2508.539166666667,2.5073333333333334,7.450166666666665,0.4121666666666666,2.433333333333333,78.87666666666667,76.58500000000001,50.0,375.564,41.800000000000004,18.570999999999998,12.849000000000002,42658.575999999994,0.19999999999999998,114.89800000000001,4.29,25.099999999999998,31.400000000000002,5.64,81.63,0.9309999999999999,0.0,1.0,0.0,0.0,0.0,0.0
17,Belize,131142.33816666668,1258.2886666666666,1553.412,1.6464999999999999,4.607666666666667,0.25543333333333335,3.933333333333333,57.550000000000004,50.49,72.22000000000001,16.426,25.0,3.853,2.279,7824.362,2.157197571064602,176.957,17.11,4.395570539319256,44.15497421803544,1.3,74.62,0.7160000000000001,0.0,0.0,0.0,1.0,0.0,0.0
18,Benin,2127.5344999999998,0.6425,13.091,0.0,0.047332330672320164,0.16985425853641756,27.878987886592927,18.23,14.200000000000001,53.699999999999996,99.11,18.8,3.2439999999999998,1.942,2064.2360000000003,49.6,235.84799999999998,0.9900000000000001,0.6,12.299999999999999,0.5,61.77,0.545,0.0,0.0,1.0,0.0,0.0,0.0
20,Bhutan,7238.962333333334,256.6568333333333,5.128999999999999,0.0,13.199833333333332,0.018483333333333334,54.75,76.19,73.24,75.46,21.188000000000002,28.599999999999998,4.884999999999999,2.977,8708.597,1.5,217.066,9.75,1.4242828551977527,35.799709685069786,1.7,71.77999999999999,0.654,1.0,0.0,0.0,0.0,0.0,0.0
21,Bolivia,73253.79766666667,225.97933333333333,1781.1865,2.507166666666667,1.1518333333333335,0.2687,3.766666666666667,57.10666666666666,44.921666666666674,29.63,10.202,25.400000000000002,6.704,4.393,6885.829000000001,7.1000000000000005,204.299,6.89,6.214876121890936,42.1413817389623,1.0999999999999999,71.51,0.718,0.0,0.0,0.0,0.0,1.0,0.0
22,Bosnia and Herzegovina,108087.05300000001,350.2418333333333,4477.457833333334,11.490833333333333,1.2283471887279587,0.38645327588283757,2.6798900935968466,28.900000000000002,25.900000000000002,36.11000000000001,68.496,42.5,16.569000000000003,10.710999999999999,11713.895000000002,0.19999999999999998,329.635,10.08,30.2,47.699999999999996,3.5,77.39999999999999,0.7800000000000001,0.0,1.0,0.0,0.0,0.0,0.0
23,Botswana,106388.73633333332,208.92083333333335,1077.767,0.2781666666666667,0.9523333333333334,0.37989999999999996,2.8000000000000003,44.61949515888192,40.42871680567769,13.89,4.044,25.8,3.9410000000000003,2.2420000000000004,15807.373999999998,1.087192187673802,237.37200000000004,4.81,5.7,34.4,1.8,69.59000000000002,0.735,0.0,0.0,1.0,0.0,0.0,0.0
24,Brazil,122216.22183333333,843.3818333333334,2946.9998333333333,3.8358333333333334,0.3403333333333334,0.3623628078910709,2.848265174320329,80.12833333333333,70.33666666666666,61.57,25.039999999999996,33.5,8.552,5.06,14103.452,3.4,177.96099999999998,8.11,10.1,17.900000000000002,2.1999999999999997,75.88,0.765,0.0,0.0,0.0,0.0,1.0,0.0
26,Bulgaria,142411.52666666667,1050.533333333333,4873.642833333333,10.923333333333332,5.141166666666667,0.22790000000000002,4.4,48.77478156782878,29.105,44.44,65.18,44.699999999999996,20.801,13.272,18563.307,1.5,424.68800000000005,5.81,30.099999999999998,44.4,7.454,75.05,0.816,0.0,1.0,0.0,0.0,0.0,0.0
27,Burkina Faso,961.3158333333334,0.42649999999999993,17.289333333333335,0.04666666666666667,0.012833333333333334,0.040549999999999996,26.75,7.0,4.0,14.506666666666668,70.15100000000001,17.599999999999998,2.4090000000000003,1.3580000000000003,1703.102,43.699999999999996,269.048,2.42,1.5999999999999999,23.900000000000002,0.39999999999999997,61.57999999999999,0.452,0.0,0.0,1.0,0.0,0.0,0.0
28,Burundi,3061.8945000000003,1.7678333333333331,3.1010000000000004,0.0,0.21683333333333335,0.015116666666666667,66.81666666666666,0.07,0.06,19.44,423.06199999999995,17.5,2.562,1.5039999999999998,702.225,71.7,293.068,6.05,3.5123514720052196,21.29088771792175,0.7999999999999999,61.57999999999999,0.433,0.0,0.0,1.0,0.0,0.0,0.0
29,Cambodia,7172.565666666666,4.110833333333334,177.91299999999998,0.0,0.20300000000000004,0.015316666666666666,67.03333333333333,84.7325,81.25833333333334,35.65,90.67200000000001,25.599999999999998,4.412,2.385,3645.07,18.80446302485742,270.892,4.0,2.0,33.699999999999996,0.7999999999999999,69.82,0.594,1.0,0.0,0.0,0.0,0.0,0.0
30,Cameroon,4287.279000000001,0.0,69.056,0.0,0.0931243966296121,0.03174802937465323,34.53892028770729,3.5,2.6,30.56,50.885,18.8,3.1649999999999996,1.9190000000000003,3364.926,23.8,244.66099999999997,7.2,0.7064370769761438,22.755604524157864,1.3,59.29,0.5629999999999998,0.0,0.0,1.0,0.0,0.0,0.0
31,Canada,81875.32716666667,287.14033333333333,920.2849999999999,2.723333333333333,2.0913333333333335,0.1705833333333333,5.866666666666667,85.02666666666666,79.56833333333333,77.31499999999998,4.037,41.4,16.984000000000005,10.796999999999999,44017.59099999999,0.5,105.59899999999998,7.37,12.0,16.599999999999998,2.5,82.43,0.9290000000000002,0.0,0.0,0.0,1.0,0.0,0.0
32,Cape Verde,99228.63050000001,26.694999999999997,705.0466666666666,0.2966666666666667,2.4736255116322017,0.38927799066678986,2.7262314135539762,61.18,50.88999999999999,47.22,135.58,25.7,4.46,3.437,6222.554,1.016195365732737,182.21900000000002,2.42,2.1,16.5,2.1,72.98,0.665,0.0,0.0,1.0,0.0,0.0,0.0
34,Central African Republic,2846.6879999999996,3.523,22.358,0.0,0.023000000000000003,0.16215000000000002,6.633333333333334,12.590000000000002,12.090000000000002,18.52,7.479,18.3,3.655,2.251,661.2399999999999,61.89277782268674,435.7269999999999,6.1000000000000005,3.480888941372813,21.334087484564026,1.0,53.279999999999994,0.397,0.0,0.0,1.0,0.0,0.0,0.0
35,Chad,423.09633333333335,0.01966666666666667,11.232999999999999,0.0,0.02033333333333333,0.034716666666666667,29.483333333333334,1.58,0.82,32.41,11.833,16.7,2.486,1.446,1768.153,38.4,280.99499999999995,6.1000000000000005,5.947425636057931,30.461601938286353,0.5146474527835033,54.24,0.39799999999999996,0.0,0.0,1.0,0.0,0.0,0.0
36,Chile,118616.51900000001,1785.7336666666663,2074.0378333333333,2.3075,6.306166666666667,0.25223333333333336,3.9666666666666663,91.86666666666666,88.49166666666667,31.016666666666666,24.281999999999996,35.4,11.087000000000002,6.938,22767.037,1.3,127.99299999999998,8.46,34.199999999999996,41.5,2.11,80.18,0.851,0.0,0.0,0.0,0.0,1.0,0.0
37,China,83.355,0.06433333333333334,3.2100000000000004,0.0,10.227000000000002,0.0,145251.1166666667,41.997787431436024,37.04789989975475,64.35000000000001,147.674,38.699999999999996,10.640999999999998,5.928999999999999,15308.712,0.7000000000000001,261.89899999999994,9.74,1.9000000000000001,48.4,4.34,76.90999999999998,0.761,1.0,0.0,0.0,0.0,0.0,0.0
38,Colombia,115787.8595,258.278,2636.3625,4.736666666666667,1.0626666666666666,0.3546666666666667,2.85,79.07916666666667,62.49083333333332,62.04,44.223000000000006,32.199999999999996,7.646,4.312,13254.948999999999,4.5,124.24,7.44,4.7,13.5,1.7100000000000002,77.29,0.767,0.0,0.0,0.0,0.0,1.0,0.0
39,Comoros,8868.756666666666,21.01033333333333,180.088,0.0,0.5016791144971329,0.019282509269880174,123.47696130971393,38.38999999999999,33.41,44.81667014518522,437.3519999999999,20.400000000000002,2.9630000000000005,1.7259999999999998,1413.89,18.099999999999998,261.516,11.88,4.3999999999999995,23.599999999999998,2.1999999999999997,64.32,0.5539999999999999,0.0,0.0,1.0,0.0,0.0,0.0
40,Congo,4190.371,0.0,65.582,0.0,0.09663325914780067,0.026412310482749383,41.63854389875043,11.0,23.132904371220867,51.85,15.405,19.0,3.4019999999999997,2.063,4881.406,37.0,344.094,7.2,1.7,52.300000000000004,1.0151986371928243,64.57,0.574,0.0,0.0,1.0,0.0,0.0,0.0
41,Costa Rica,139185.5986666667,879.0855,1483.4771666666668,2.1405,2.436166666666667,0.4148333333333334,2.4,42.79723030589519,31.60086468354005,50.0,96.079,33.6,9.468000000000002,5.694,15524.995,1.3,137.97299999999998,8.78,6.3999999999999995,17.400000000000002,1.13,80.27999999999999,0.8100000000000002,0.0,0.0,0.0,1.0,0.0,0.0
42,Cote d'Ivoire,2987.8371666666667,1.2445,29.034499999999998,0.0061666666666666675,0.073,0.022383333333333335,45.78333333333334,20.0,10.0,21.3,76.399,18.7,2.9330000000000003,1.5819999999999999,3601.006,28.2,303.74,2.42,1.8781043345482258,27.0931315268187,2.224177324147275,57.779999999999994,0.5379999999999999,0.0,0.0,1.0,0.0,0.0,0.0
43,Croatia,236698.02883333332,1903.3526666666667,3433.205333333334,12.658333333333331,3.7108333333333334,0.49685,2.0166666666666666,56.28333333333333,54.153333333333336,37.96,73.726,44.0,19.724,13.052999999999999,22669.797000000002,0.7000000000000001,253.782,5.59,34.300000000000004,39.9,5.54,78.49,0.851,0.0,1.0,0.0,0.0,0.0,0.0
44,Cuba,92780.90149999999,129.15116666666665,744.2606666666667,0.5891666666666667,2.300626666321683,0.41044204459270256,4.645108827191386,93.47000000000001,86.94666666666667,29.63,110.408,43.1,14.738,9.719,27100.747493780622,0.7757061224605113,190.968,8.269999999999998,17.099999999999998,53.300000000000004,5.2,78.8,0.7829999999999999,0.0,0.0,0.0,1.0,0.0,0.0
45,Cyprus,298082.786,3141.3515,824.4001666666667,2.2319999999999998,119.15166666666666,0.02608333333333333,38.36666666666667,64.8069113475782,71.07333333333334,38.88999999999999,127.65700000000002,37.300000000000004,13.415999999999999,8.563,32415.132,0.5726236230016832,141.17100000000002,9.24,19.599999999999998,52.699999999999996,3.4,80.98,0.8870000000000001,0.0,1.0,0.0,0.0,0.0,0.0
46,Czechia,293939.61683333333,3436.3048333333336,3482.2121666666667,3.7296666666666667,13.644333333333334,0.24250000000000002,4.133333333333333,64.64499999999998,63.415,41.67000000000001,137.17600000000002,43.300000000000004,19.027,11.58,32605.906000000006,0.5171491964921646,227.48500000000004,6.82,30.5,38.300000000000004,6.63,79.38,0.9,0.0,1.0,0.0,0.0,0.0,0.0
47,Democratic Republic of Congo,925.4166666666669,0.23633333333333337,13.834000000000001,0.0,0.03206935716326896,0.029154367721596994,48.2495944332427,0.48,0.27,33.32999999999999,35.879,17.0,3.02,1.7450000000000003,808.1329999999999,77.10000000000001,318.949,6.1000000000000005,3.3165279355447552,24.428617994514802,0.5300510637437603,60.68,0.48,0.0,0.0,1.0,0.0,0.0,0.0
48,Denmark,327265.0666666667,7467.729166666667,657.773,3.6121666666666665,27.287999999999997,0.26868333333333333,3.733333333333333,83.05333333333333,82.11166666666666,16.67,136.52,42.300000000000004,19.676999999999996,12.325000000000001,46682.51500000001,0.19999999999999998,114.76700000000001,6.409999999999999,19.3,18.8,2.5,80.89999999999999,0.9399999999999998,0.0,1.0,0.0,0.0,0.0,0.0
49,Djibouti,15460.366999999998,7.6496666666666675,188.58599999999998,0.0,0.7963818333248339,0.0406897331421614,80.71765419113642,13.11,9.12,49.07,41.285,25.400000000000002,4.213,2.3799999999999994,2705.4059999999995,22.5,258.03700000000003,6.05,1.7,24.5,1.4000000000000001,67.11,0.524,0.0,0.0,1.0,0.0,0.0,0.0
50,Dominican Republic,51088.94266666666,112.10799999999999,394.1431666666667,0.27399999999999997,0.5963333333333333,0.21246666666666666,4.8500000000000005,63.98666666666667,53.06666666666666,37.96,222.87300000000002,27.599999999999998,6.981000000000001,4.419,14600.861000000003,1.5999999999999999,266.653,8.200000000000001,8.5,19.099999999999998,1.5999999999999999,74.08,0.7559999999999999,0.0,0.0,0.0,1.0,0.0,0.0
51,Ecuador,42248.983,345.76250000000005,1938.6041666666667,1.9191666666666665,0.549,0.623,1.5999999999999999,82.03499999999998,74.60000000000001,60.65,66.93899999999998,28.099999999999998,7.104,4.457999999999999,10581.936000000002,3.6,140.44799999999998,5.55,2.0,12.299999999999999,1.5,77.01,0.759,0.0,0.0,0.0,0.0,1.0,0.0
52,Egypt,4161.931333333334,21.9645,218.7355,0.48116666666666674,5.749503293984938,0.04279940671893357,41.38057268088088,37.56,27.28,43.52,97.99900000000001,25.3,5.159,2.891,10550.206,1.3,525.4319999999999,17.31,0.19999999999999998,50.1,1.5999999999999999,71.99,0.707,0.0,0.0,1.0,0.0,0.0,0.0
53,El Salvador,20727.008,0.0,602.0045,1.0993333333333333,0.7186666666666667,0.2005,5.0,67.3913880994559,60.06836866624008,28.7,307.811,27.599999999999998,8.272999999999998,5.417000000000001,7292.458,2.1999999999999997,167.295,8.87,2.5,18.8,1.3,73.32,0.6729999999999999,0.0,0.0,0.0,1.0,0.0,0.0
54,Equatorial Guinea,10922.545500000002,4.942833333333334,125.527,0.0,0.18533333333333335,0.032933333333333335,38.26666666666667,73.2343071082688,54.9970132818188,49.635608003349574,45.193999999999996,22.400000000000002,2.846,1.7519999999999996,22604.872999999996,3.0773631614496173,202.812,7.78,1.259472267803027,51.189210182329035,2.1,58.74,0.5920000000000001,0.0,0.0,1.0,0.0,0.0,0.0
56,Estonia,273460.8221666667,5458.722333333334,1545.8183333333334,3.27,9.5465,0.5135666666666667,1.9500000000000002,64.51499999999999,62.961666666666666,54.63,31.033000000000005,42.699999999999996,19.452,13.491,29481.252000000004,0.5,255.569,4.02,24.5,39.300000000000004,4.69,78.74,0.892,0.0,1.0,0.0,0.0,0.0,0.0
57,Eswatini,58432.39933333333,26.442333333333334,1174.1185,0.42650000000000005,0.5233023524599767,0.10170197312987092,13.322777515544255,31.960000000000004,18.38669727710822,60.19,79.492,21.5,3.1630000000000003,1.845,7738.974999999999,13.332335197867042,333.436,3.94,1.7,16.5,2.1,60.19,0.6109999999999999,0.0,0.0,1.0,0.0,0.0,0.0
58,Ethiopia,3954.257833333333,1.9525,62.37616666666667,0.036500000000000005,0.051666666666666666,0.04756666666666667,21.51666666666667,7.95,9.138196204027611,40.74,104.95700000000001,19.8,3.5260000000000002,2.063,1729.927,26.7,182.63400000000001,7.47,0.39999999999999997,8.5,0.3,66.60000000000001,0.48499999999999993,0.0,0.0,1.0,0.0,0.0,0.0
59,Fiji,69954.48349999999,77.3435,895.6336666666666,1.8458333333333332,0.2771666666666667,0.31965926086968355,3.7669682558304767,44.16234779039904,34.664078390582056,81.48,49.562000000000005,28.599999999999998,6.224,3.2839999999999994,8702.975,1.4000000000000001,412.82,14.49,10.200000000000001,34.800000000000004,2.3000000000000003,67.44,0.743,0.0,0.0,0.0,0.0,0.0,1.0
60,Finland,91524.98683333333,751.6333333333333,366.98500000000007,2.042666666666667,3.3761666666666668,0.34349999999999997,2.9000000000000004,79.52333333333333,74.92166666666667,38.88999999999999,18.136,42.800000000000004,21.228000000000005,13.264000000000001,40585.721,0.38386101602817396,153.50700000000003,5.759999999999999,18.3,22.599999999999998,3.28,81.90999999999998,0.9379999999999998,0.0,1.0,0.0,0.0,0.0,0.0
61,France,300691.5373333333,3989.602666666667,1958.421166666667,3.861166666666667,12.954333333333333,0.3345,2.966666666666667,80.225,76.79166666666667,72.22000000000001,122.57799999999999,42.0,19.718,13.079000000000002,38605.671,0.5412462589279446,86.06,4.77,30.099999999999998,35.6,5.98,82.65999999999998,0.9009999999999999,0.0,1.0,0.0,0.0,0.0,0.0
62,Gabon,20694.9855,23.55,132.3045,0.07316666666666667,0.7218333333333334,0.05291666666666667,19.21666666666667,73.81773442807709,51.96498769576985,60.19,7.859000000000001,23.099999999999998,4.45,2.9760000000000004,16562.413,3.4,259.96700000000004,7.2,1.95582106768683,43.93888749166164,6.3,66.47000000000001,0.703,0.0,0.0,1.0,0.0,0.0,0.0
63,Gambia,4773.543,2.5466666666666664,146.365,0.134,0.11599999999999999,0.10438333333333333,22.616666666666664,13.0,12.5,13.89,207.566,17.5,2.339,1.4169999999999998,1561.767,10.1,331.43,1.91,0.7000000000000001,31.2,1.0999999999999999,62.050000000000004,0.496,0.0,0.0,1.0,0.0,0.0,0.0
64,Georgia,316565.5846666667,5807.7015,3798.5835,9.715833333333334,10.867666666666667,0.4682333333333333,2.15,38.125,30.791666666666668,50.0,65.032,38.699999999999996,14.864000000000003,10.244000000000002,9745.079,4.2,496.218,7.11,5.3,55.5,2.6,73.77,0.8120000000000002,1.0,0.0,0.0,0.0,0.0,0.0
65,Germany,125488.29616666667,2397.7956666666664,1411.1461666666664,1.8495000000000001,4.426333333333334,0.444,2.3000000000000003,76.21166666666666,75.01833333333333,48.15,237.016,46.6,21.453000000000003,15.956999999999999,45229.245,1.648365484475611,156.139,8.31,28.2,33.1,8.0,81.33,0.9470000000000001,0.0,1.0,0.0,0.0,0.0,0.0
66,Ghana,4954.8206666666665,3.2616666666666667,44.23466666666667,0.08933333333333333,0.12166666666666666,0.031016666666666665,33.76666666666666,8.830491032131114,15.11424640296322,43.52,126.71900000000001,21.099999999999998,3.3849999999999993,1.9480000000000002,4227.63,12.0,298.24499999999995,4.97,0.3,7.7,0.9,64.07,0.6109999999999999,0.0,0.0,1.0,0.0,0.0,0.0
67,Greece,193782.77833333332,1721.6053333333332,2301.0558333333333,9.546166666666666,26.864499999999996,0.06758333333333333,14.799999999999999,75.03666666666665,71.055,77.77999999999999,83.479,45.300000000000004,20.396,14.524000000000001,24574.382,1.5,175.69499999999996,4.55,35.300000000000004,52.0,4.21,82.24,0.888,0.0,1.0,0.0,0.0,0.0,0.0
69,Guatemala,38555.60283333333,189.82783333333336,901.6866666666666,1.0594999999999999,0.6184999999999999,0.26638333333333336,3.783333333333333,38.208333333333336,29.281666666666666,51.696666666666665,157.83400000000003,22.900000000000002,4.694,3.016,7423.808000000002,8.700000000000001,155.898,10.18,3.1191285616554234,26.34149836830152,0.6,74.3,0.6629999999999999,0.0,0.0,0.0,1.0,0.0,0.0
70,Guinea,2683.7221666666665,1.1853333333333333,31.524833333333333,0.11116666666666668,0.04881647011648826,0.17486985496568722,11.040655178592724,25.5,13.89,60.19,51.755,19.0,3.135,1.7330000000000003,1998.9260000000002,35.300000000000004,336.71700000000004,2.42,2.1957319855137314,17.65602815632107,0.3,61.6,0.47700000000000004,0.0,0.0,1.0,0.0,0.0,0.0
72,Guyana,77031.633,360.82033333333334,1489.464,2.7413333333333334,1.3765548693427307,0.369034924340906,2.865434550453728,53.74,39.85,77.77999999999999,3.9519999999999995,26.3,5.305,2.8369999999999997,7435.047,3.83188025984688,373.15900000000005,11.62,4.319690199887639,46.03137198909714,1.5999999999999999,69.90999999999998,0.682,0.0,0.0,0.0,0.0,1.0,0.0
73,Haiti,2554.075666666667,7.191166666666667,72.78,1.2996666666666665,0.04099999999999999,0.21613333333333332,4.833333333333333,1.2699999999999998,0.85,41.66666666666667,398.44800000000004,24.3,4.8,2.954,1653.1729999999995,23.5,430.54799999999994,6.6499999999999995,2.9,23.099999999999998,0.7000000000000001,64.0,0.5099999999999999,0.0,0.0,0.0,1.0,0.0,0.0
74,Honduras,38942.087999999996,0.0,1044.62,0.0,0.6260309317121716,0.3184438921821274,3.823164962868042,51.15,36.43837558110996,34.26,82.805,24.900000000000002,4.652,2.8829999999999996,4541.794999999999,16.0,240.208,7.21,2.0,26.479906605448136,0.7000000000000001,75.27,0.634,0.0,0.0,0.0,1.0,0.0,0.0
76,Hungary,166011.54999999996,1097.5008333333333,4322.776833333332,5.812666666666668,3.9981666666666666,0.40715000000000007,2.466666666666667,66.115,63.451666666666654,51.85,108.04299999999999,43.4,18.577,11.975999999999999,26777.560999999998,0.5,278.296,7.55,26.8,34.800000000000004,7.019999999999999,76.88,0.8540000000000001,0.0,1.0,0.0,0.0,0.0,0.0
77,Iceland,195514.00249999997,2646.9301666666665,129.70266666666666,1.355833333333333,12.1865,0.08558107487060819,14.075409632284803,83.57,73.87371687596976,35.19,3.404,37.300000000000004,14.431,9.207,46482.95799999999,0.19999999999999998,117.992,5.31,14.299999999999999,15.200000000000001,2.91,82.99,0.949,0.0,1.0,0.0,0.0,0.0,0.0
78,India,30133.25883333333,95.9895,359.1886666666667,0.7931666666666669,1.2438333333333331,0.10475,9.866666666666667,68.04333333333332,51.88,81.94,450.41900000000004,28.2,5.989,3.414,6426.674,21.2,282.28,10.39,1.9000000000000001,20.599999999999998,0.5300000000000001,69.65999999999998,0.645,1.0,0.0,0.0,0.0,0.0,0.0
79,Indonesia,16050.673499999999,98.3675,522.6456666666667,0.14100000000000001,0.8941666666666666,0.0683,15.549999999999999,67.24333333333333,46.96333333333333,68.98,145.725,29.3,5.319,3.0530000000000004,11188.743999999999,5.7,342.86400000000003,6.32,2.8000000000000003,76.10000000000001,1.04,71.72000000000001,0.718,1.0,0.0,0.0,0.0,0.0,0.0
80,Iran,76409.9445,403.9653333333333,1560.1525000000001,0.7370000000000001,1.147,0.28330000000000005,3.633333333333333,71.72500000000001,63.935,62.04,49.83100000000001,32.4,5.44,3.182,19082.62,0.19999999999999998,270.308,9.590000000000002,0.7999999999999999,21.099999999999998,1.5,76.68,0.7829999999999999,1.0,0.0,0.0,0.0,0.0,0.0
81,Iraq,54283.22150000001,152.24866666666665,594.072,0.5141666666666665,0.6305,0.26781666666666665,3.716666666666667,22.650000000000002,15.460000000000003,64.81,88.125,20.0,3.1860000000000004,1.957,15663.986000000003,2.5,218.612,8.83,8.64056890841356,25.86580354644658,1.4000000000000001,70.60000000000001,0.674,1.0,0.0,0.0,0.0,0.0,0.0
82,Ireland,240734.1516666667,766.1528333333332,1246.7966666666666,3.077166666666667,3.479166666666666,0.2896,3.4499999999999997,81.165,78.72,18.516666666666666,69.87400000000001,38.699999999999996,13.927999999999999,8.677999999999999,67335.293,0.19999999999999998,126.45900000000002,3.28,23.0,25.7,2.9600000000000004,82.3,0.955,0.0,1.0,0.0,0.0,0.0,0.0
83,Israel,332760.07249999995,5309.296,973.9711666666667,6.727,23.382499999999997,0.2645,3.8000000000000003,72.09500000000001,65.755,56.48,402.606,30.599999999999998,11.732999999999999,7.359000000000001,33132.32,0.5,93.32,6.740000000000001,15.4,35.4,2.99,82.97000000000001,0.9190000000000002,1.0,0.0,0.0,0.0,0.0,0.0
84,Italy,188608.74566666665,1763.1460000000004,2450.157833333333,6.275333333333333,15.101666666666667,0.12376666666666665,8.083333333333334,83.35000000000001,76.76666666666667,76.85000000000001,205.859,47.9,23.021,16.24,35220.084,2.0,113.15100000000002,4.78,19.8,27.8,3.18,83.51,0.892,0.0,1.0,0.0,0.0,0.0,0.0
85,Jamaica,42168.2425,83.012,901.6986666666667,2.0180000000000002,0.6938333333333334,0.18713333333333335,5.483333333333333,25.17833333333333,21.043333333333333,74.07,266.87899999999996,31.400000000000002,9.684,6.39,8193.570999999998,7.992850022447959,206.537,11.28,5.3,28.599999999999998,1.7,74.47000000000001,0.7340000000000001,0.0,0.0,0.0,1.0,0.0,0.0
86,Japan,24329.41383333333,754.959,151.62,0.6993333333333333,1.7716666666666665,0.37743333333333334,2.65,80.42833333333333,79.21833333333332,47.22,347.778,48.199999999999996,27.049000000000003,18.493,39002.223,0.7487841856764893,79.37,5.72,11.200000000000001,33.699999999999996,13.049999999999999,84.63,0.9190000000000002,1.0,0.0,0.0,0.0,0.0,0.0
87,Jordan,125458.57149999998,1700.876,1292.917666666667,1.6718333333333335,4.917333333333334,0.2850333333333333,3.5500000000000003,44.8525,41.47,34.26,109.28499999999998,23.2,3.81,2.361,8337.49,0.09999999999999999,208.25700000000003,11.75,5.137538560184181,41.64288420876851,1.4000000000000001,74.52999999999999,0.7290000000000001,1.0,0.0,0.0,0.0,0.0,0.0
88,Kazakhstan,70966.15666666668,319.11966666666666,977.8471666666668,0.8071666666666667,1.5191744825786893,0.27905739287269143,3.795262156688296,48.53416666666667,46.28,62.04,6.681,30.599999999999998,6.9910000000000005,4.625,24055.588,0.09999999999999999,466.792,7.11,7.0,43.1,6.7,73.60000000000001,0.8250000000000001,1.0,0.0,0.0,0.0,0.0,0.0
89,Kenya,5853.1821666666665,2.167166666666667,101.89299999999999,0.11533333333333333,0.08266666666666668,0.026883333333333332,37.38333333333333,12.534999999999998,10.835,55.56,87.324,20.0,2.6860000000000004,1.5280000000000002,2993.028,36.800000000000004,218.63699999999997,2.92,1.2,20.400000000000002,1.4000000000000001,66.7,0.601,0.0,0.0,1.0,0.0,0.0,0.0
91,Kuwait,130882.11366666667,1274.5598333333335,578.561,0.5005000000000001,7.609999999999999,0.18258333333333332,5.483333333333333,77.82,75.27999999999999,49.07,232.12799999999996,33.699999999999996,2.345,1.114,65530.537000000004,0.2860673546618507,132.235,15.840000000000002,2.6999999999999997,37.0,2.0,75.49,0.8059999999999999,1.0,0.0,0.0,0.0,0.0,0.0
92,Kyrgyzstan,30030.790333333327,28.161666666666672,436.6598333333333,0.5531666666666667,0.7437520556705455,0.20312888370930526,6.216770432262856,20.348333333333333,16.55666666666667,47.22,32.333,26.3,4.489,2.8819999999999997,3393.4740000000006,1.4000000000000001,436.362,7.11,3.6,50.5,4.5,71.45,0.6970000000000001,1.0,0.0,0.0,0.0,0.0,0.0
93,Laos,18359.456166666667,58.3835,75.84216666666667,0.49700000000000005,0.24083333333333334,0.2582166666666667,3.9333333333333336,64.0,55.0,78.7,29.715,24.400000000000002,4.029,2.3219999999999996,6397.36,22.7,368.11099999999993,4.0,7.3,51.199999999999996,1.5,67.92,0.613,1.0,0.0,0.0,0.0,0.0,0.0
94,Latvia,228696.97933333335,5118.999,2638.1936666666666,6.963500000000001,12.038666666666666,0.3750333333333334,2.6666666666666665,71.68333333333332,69.09666666666665,42.13,31.212,43.9,19.754,14.135999999999997,25063.846,0.7000000000000001,350.06,4.91,25.599999999999998,51.0,5.57,75.29,0.866,0.0,1.0,0.0,0.0,0.0,0.0
95,Lebanon,140615.56600000002,1245.0106666666668,1427.9485000000002,2.5851666666666673,3.1904247122192797,0.34083711058353544,3.170033966142236,36.151666666666664,30.111666666666665,50.0,594.561,31.099999999999998,8.513999999999998,5.43,13367.565,1.9693101422835757,266.59099999999995,12.71,26.900000000000002,40.699999999999996,2.9,78.93,0.7440000000000001,1.0,0.0,0.0,0.0,0.0,0.0
96,Lesotho,14934.383000000002,6.329833333333333,321.3578333333333,0.07716666666666666,0.788634559776056,0.03916621689969568,79.4706601680168,21.541540815177086,12.87724536460844,45.37,73.562,22.2,4.506,2.647,2851.153,59.6,405.126,3.94,0.39999999999999997,53.9,1.6053271299514027,54.32999999999999,0.527,0.0,0.0,1.0,0.0,0.0,0.0
97,Liberia,1404.191,0.12866666666666668,55.98199999999999,0.0,0.040300974418013474,0.09651125446231407,41.73714158024442,1.8552147900949558,1.5954091127957926,48.15,49.127,19.2,3.057,1.756,752.788,38.6,272.509,2.42,1.5,18.099999999999998,0.7999999999999999,64.10000000000001,0.48,0.0,0.0,1.0,0.0,0.0,0.0
99,Lithuania,267759.3373333333,4343.531333333333,2952.9396666666667,7.063666666666666,10.777333333333333,0.44016666666666665,2.266666666666666,72.255,69.28500000000001,42.59,45.135,43.5,19.002,13.777999999999997,29524.265000000003,0.7000000000000001,342.98900000000003,3.6700000000000004,21.3,38.0,6.56,75.93,0.882,0.0,1.0,0.0,0.0,0.0,0.0
100,Luxembourg,258153.83199999997,2093.2639999999997,1506.7403333333332,1.5753333333333333,7.7748333333333335,0.3555000000000001,2.816666666666667,75.08833333333332,71.47095254438177,55.56,231.44700000000003,39.699999999999996,14.312,9.842,94277.96499999998,0.19999999999999998,128.275,4.420000000000001,20.900000000000002,26.0,4.509999999999999,82.25,0.916,0.0,1.0,0.0,0.0,0.0,0.0
101,Madagascar,2111.489,12.4,45.203,0.1935,0.04099999999999999,0.24516666666666667,4.1,3.44,3.2599999999999993,40.74,43.951,19.599999999999998,2.929,1.686,1416.4400000000003,77.60000000000001,405.9940000000001,3.94,1.7746531429132824,19.33141355286689,0.19999999999999998,67.04,0.528,0.0,0.0,1.0,0.0,0.0,0.0
102,Malawi,4311.306166666666,2.8671666666666664,130.63466666666667,0.085,0.043500000000000004,0.07740000000000001,13.133333333333333,7.668333333333334,3.9633333333333334,36.11000000000001,197.519,18.099999999999998,2.9789999999999996,1.7830000000000001,1095.0419999999997,71.39999999999999,227.34900000000002,3.94,4.3999999999999995,24.7,1.3,64.26,0.48300000000000004,0.0,0.0,1.0,0.0,0.0,0.0
103,Malaysia,88273.05383333332,221.00383333333332,976.5573333333332,0.285,3.185333333333334,0.05486666666666667,18.283333333333335,79.57666666666667,78.47166666666668,54.17000000000001,96.254,29.900000000000002,6.292999999999999,3.407,26808.164,0.09999999999999999,260.942,16.74,1.0,42.4,1.9000000000000001,76.15999999999998,0.8100000000000002,1.0,0.0,0.0,0.0,0.0,0.0
104,Maldives,268326.527,3512.5638333333336,514.7591666666666,2.146333333333333,12.224333333333334,0.35318333333333335,2.8333333333333335,73.16833333333334,68.07499999999999,38.428909506068656,1454.433,30.599999999999998,4.12,2.875,15183.616000000004,0.5643213603344337,164.905,9.19,2.1,55.0,5.751943438806199,78.92,0.7400000000000001,1.0,0.0,0.0,0.0,0.0,0.0
105,Mali,1445.6221666666668,1.2225000000000001,34.28300000000001,0.008,0.04063495271952444,0.07303352901185708,48.15757056162415,5.05,3.1999999999999997,38.88999999999999,15.196,16.400000000000002,2.519,1.486,2014.3060000000003,47.9397680840596,268.02399999999994,2.42,1.5999999999999999,23.0,0.09999999999999999,59.31,0.434,0.0,0.0,1.0,0.0,0.0,0.0
106,Malta,132752.37350000002,414.3253333333333,1085.0611666666666,6.135833333333333,5.042833333333334,0.08223333333333334,12.183333333333332,90.16333333333334,87.97333333333334,56.48,1454.037,42.4,19.426,11.324,36513.323,0.19999999999999998,168.71099999999998,8.83,20.900000000000002,30.2,4.485,82.52999999999999,0.8949999999999999,0.0,1.0,0.0,0.0,0.0,0.0
107,Mauritania,12227.362500000001,7.504166666666666,201.39133333333334,0.4885,0.5641666666666666,0.022683333333333333,47.583333333333336,55.67416523672345,41.22923490175094,51.85,4.289000000000001,20.3,3.138,1.7919999999999998,3597.6330000000003,6.0,232.347,2.42,1.8061299165479008,40.97751876724159,1.045462653212636,64.92,0.5460000000000002,0.0,0.0,1.0,0.0,0.0,0.0
108,Mauritius,86813.17933333332,1130.1516666666666,645.502,0.0,4.461179858698902,0.10036663557170815,11.972644505822258,76.5,72.0,46.60333333333333,622.962,37.4,10.945,5.8839999999999995,20292.745,0.5,224.644,22.02,3.1999999999999997,40.699999999999996,3.4,74.99,0.8040000000000002,0.0,0.0,1.0,0.0,0.0,0.0
109,Mexico,38893.48733333334,267.3261666666667,2365.9008333333336,4.4205,0.31183333333333335,0.6181666666666668,1.633333333333333,64.30833333333334,59.43583333333333,61.57,66.444,29.3,6.857,4.321000000000001,17336.468999999997,2.5,152.783,13.06,6.8999999999999995,21.400000000000002,1.38,75.05,0.779,0.0,0.0,0.0,1.0,0.0,0.0
110,Moldova,113559.30916666666,1100.5978333333333,2664.496333333333,5.218833333333333,1.7238432262659145,0.362986107864542,2.857413548655734,61.04337417463897,25.223333333333333,49.69333333333333,123.65499999999999,37.6,10.864000000000003,6.954999999999999,5189.972000000001,0.19999999999999998,408.50199999999995,5.72,5.8999999999999995,44.6,5.8,71.89999999999999,0.75,0.0,1.0,0.0,0.0,0.0,0.0
111,Mongolia,256477.67283333334,914.5116666666667,636.7736666666666,0.7006666666666667,3.7735,0.3614,2.766666666666667,68.18,65.2,37.5,1.9800000000000002,28.599999999999998,4.031,2.421,11840.846000000003,0.5,460.04300000000006,4.82,5.5,46.5,7.0,69.87,0.737,1.0,0.0,0.0,0.0,0.0,0.0
112,Montenegro,353625.7405,978.4236666666667,4123.072666666667,9.818666666666667,23.5828221802299,0.3089816127961693,3.7572253919811267,45.7425,44.298333333333325,64.56318239565248,46.28,39.1,14.762,9.394999999999998,16409.288,1.0,387.305,10.08,44.0,47.9,3.861,76.88,0.8290000000000001,0.0,1.0,0.0,0.0,0.0,0.0
113,Morocco,30587.084833333338,64.83283333333334,415.5958333333333,0.8613333333333334,0.4576666666666667,0.1736833333333333,5.833333333333332,66.32,62.105,68.52,80.08,29.599999999999998,6.768999999999999,4.209,7485.013,1.0,419.1459999999999,7.14,0.7999999999999999,47.1,1.0999999999999999,76.68,0.6859999999999999,0.0,0.0,1.0,0.0,0.0,0.0
114,Mozambique,6969.732999999999,2.653166666666667,67.79533333333333,0.051833333333333335,0.06566666666666666,0.04993333333333333,21.166666666666668,35.0,29.0,38.88999999999999,37.728,17.7,3.158,1.8700000000000003,1136.103,62.9,329.94199999999995,3.3000000000000003,5.1000000000000005,29.099999999999998,0.7000000000000001,60.85,0.456,0.0,0.0,1.0,0.0,0.0,0.0
115,Myanmar,9799.7945,7.204333333333334,352.334,0.0,0.37566666666666665,0.016066666666666667,62.71666666666666,40.85,35.06,65.74,81.721,29.099999999999998,5.732,3.1200000000000006,5591.597000000001,6.3999999999999995,202.104,4.61,6.3,35.199999999999996,0.9,67.13,0.5830000000000001,1.0,0.0,0.0,0.0,0.0,0.0
116,Namibia,60354.49216666666,30.404500000000002,1536.0671666666667,0.8371666666666666,0.49583333333333335,0.05675,17.683333333333334,16.400000000000002,14.0,28.7,3.078,22.0,3.552,2.0850000000000004,9541.808000000003,13.4,243.81099999999995,3.94,9.700000000000001,34.199999999999996,2.102498529664062,63.71,0.6459999999999999,0.0,0.0,1.0,0.0,0.0,0.0
117,Nepal,32438.211499999994,70.16000000000001,397.1086666666667,0.39866666666666667,0.49033333333333334,0.30916666666666665,3.25,45.03770979013971,35.68062075723127,62.96,204.43000000000004,25.0,5.809,3.2119999999999997,2442.804,15.0,260.797,7.259999999999999,9.5,37.800000000000004,0.3,70.77999999999999,0.602,1.0,0.0,0.0,0.0,0.0,0.0
118,Netherlands,279172.19433333335,4187.451666666667,1245.6791666666668,0.5533333333333333,8.277500000000002,0.6071666666666666,1.633333333333333,78.23,71.84000000000002,58.32999999999999,508.54400000000004,43.199999999999996,18.779,11.880999999999998,48472.54499999999,0.3166111981343345,109.361,5.29,24.400000000000002,27.3,3.32,82.27999999999999,0.9440000000000001,0.0,1.0,0.0,0.0,0.0,0.0
119,New Zealand,3394.456166666667,44.47650000000001,10.339,0.0,3.8085,0.13775979098998994,26.350478547764734,81.85,76.71333333333332,62.04,18.206,37.9,15.322000000000001,9.72,36085.843,0.4316919352614881,128.797,8.08,14.799999999999999,17.2,2.61,82.29,0.9309999999999999,0.0,0.0,0.0,0.0,0.0,1.0
120,Nicaragua,2642.196,1.4671666666666665,32.94816666666667,0.024833333333333332,0.06818121116819811,0.019826816889743117,59.38629400571321,78.77,53.74,8.33,51.66700000000001,27.3,5.445,3.5189999999999997,5321.444,3.1999999999999997,137.016,11.47,0.9307293611530137,25.171363012668472,0.9,74.48,0.66,0.0,0.0,0.0,1.0,0.0,0.0
121,Niger,344.8955,0.2255,11.990333333333334,0.0265,0.028327410434746476,0.031131132912995456,43.092069742464304,5.75,4.09,16.67,16.955,15.1,2.5530000000000004,1.3780000000000001,926.0,44.5,238.33900000000003,2.42,0.09999999999999999,15.4,0.3,62.42000000000001,0.39399999999999996,0.0,0.0,1.0,0.0,0.0,0.0
122,Nigeria,1199.225,0.43049999999999994,14.839,0.002333333333333333,0.04133333333333333,0.010849999999999999,92.31666666666668,7.3999999999999995,3.0,37.96,209.588,18.099999999999998,2.751000000000001,1.4469999999999998,5338.454000000001,22.445564262469016,181.013,2.42,0.6,10.799999999999999,0.8130995288459659,54.69,0.539,0.0,0.0,1.0,0.0,0.0,0.0
123,North Macedonia,131917.29233333335,742.7196666666667,4086.7586666666666,13.524166666666668,2.977,0.24698333333333333,4.066666666666666,40.82,39.86000000000001,61.895743494023534,82.60000000000001,39.1,13.26,8.159999999999998,13111.214000000002,5.0,322.68800000000005,10.08,4.941064399961815,39.79708937301216,4.28,75.8,0.774,0.0,1.0,0.0,0.0,0.0,0.0
124,Norway,156384.95866666667,3430.8646666666664,267.58166666666665,0.8233333333333334,5.457166666666667,0.6533333333333333,1.5166666666666668,79.07666666666667,73.25000000000001,25.0,14.462000000000002,39.699999999999996,16.820999999999998,10.813,64800.05700000001,0.19999999999999998,114.31600000000002,5.31,19.599999999999998,20.7,3.6,82.39999999999999,0.957,0.0,1.0,0.0,0.0,0.0,0.0
125,Oman,66242.63066666666,424.5976666666666,796.005,0.8295,1.8010609229491152,0.15873257258059878,6.8695774066633,61.61841635060442,58.09960968980689,57.40999999999999,14.980000000000002,30.7,2.355,1.53,37960.709,0.26358237984809635,266.34200000000004,12.61,0.5,15.6,1.5999999999999999,77.86,0.8129999999999998,1.0,0.0,0.0,0.0,0.0,0.0
126,Pakistan,6442.440666666666,24.233999999999998,130.67200000000003,0.15916666666666668,0.2738333333333333,0.10404999999999999,9.65,47.865833333333335,37.464166666666664,65.27999999999999,255.57299999999995,23.5,4.495,2.78,5034.708,4.0,423.031,8.35,2.8000000000000003,36.699999999999996,0.6,67.27,0.557,1.0,0.0,0.0,0.0,0.0,0.0
127,Palestine,105548.87099999998,1015.8748333333334,980.7081666666667,0.9575,3.4320000000000004,0.4261333333333334,2.3833333333333333,42.24219387515493,37.13510998155331,16.67,778.2020000000001,20.400000000000002,3.0429999999999997,1.7259999999999998,4449.898,1.0,265.91,10.590000000000002,7.685097543276284,36.48803199615839,5.782052076313899,74.05,0.7080000000000001,1.0,0.0,0.0,0.0,0.0,0.0
128,Panama,163536.862,1152.1331666666667,1778.7331666666666,4.868833333333334,4.6308333333333325,0.26289999999999997,3.8666666666666667,74.09000000000002,65.81,42.59,55.133,29.7,7.917999999999999,5.03,22267.037,2.1999999999999997,128.346,8.33,2.4,9.9,2.3000000000000003,78.51,0.8149999999999998,0.0,0.0,0.0,1.0,0.0,0.0
130,Paraguay,82945.9525,560.6231666666666,2422.2580000000003,6.556166666666666,1.6678333333333333,0.4436166666666667,2.266666666666667,50.38,43.18,35.19,17.144000000000002,26.5,6.377999999999999,3.8329999999999997,8827.01,1.7,199.12799999999996,8.269999999999998,5.0,21.599999999999998,1.3,74.25,0.7279999999999999,0.0,0.0,0.0,0.0,1.0,0.0
131,Peru,99314.58633333334,694.8713333333334,6190.0615,7.389166666666668,3.2415,0.24183333333333334,4.166666666666667,79.11833333333333,70.37833333333333,61.11000000000001,25.129,29.099999999999998,7.150999999999999,4.454999999999999,12236.706,3.5,85.755,5.95,4.8,39.98335601620633,1.5999999999999999,76.74,0.777,0.0,0.0,0.0,0.0,1.0,0.0
132,Philippines,32324.875333333333,74.09166666666667,488.1915000000001,0.7848333333333333,0.3868333333333333,0.28758333333333336,3.533333333333333,59.16127406512195,53.66166666666667,78.24,351.87300000000005,25.2,4.803,2.661,7599.188000000001,8.028992370676713,370.43699999999995,7.07,7.8,40.800000000000004,1.0,71.23,0.718,1.0,0.0,0.0,0.0,0.0,0.0
133,Poland,133690.41166666668,1224.1976666666667,2807.6654999999996,6.1865,3.798333333333334,0.33025,3.016666666666667,59.175000000000004,57.755,45.37,124.027,41.800000000000004,16.763,10.202,27216.445000000003,1.61566415533608,227.331,5.91,23.3,33.1,6.62,78.73,0.88,0.0,1.0,0.0,0.0,0.0,0.0
134,Portugal,276612.42466666666,4526.8015,1976.6245,5.195999999999999,24.00016666666667,0.2008,4.983333333333333,94.99,85.19,35.19,112.371,46.199999999999996,21.502,14.924000000000001,27936.896000000004,0.5,127.842,9.85,16.3,30.0,3.39,82.05,0.864,0.0,1.0,0.0,0.0,0.0,0.0
135,Qatar,117098.73966666666,368.30733333333336,221.97416666666663,0.3978333333333334,9.174333333333335,0.07348397807308953,88.03722107901913,88.88586640312388,83.80168981739769,63.88999999999999,227.32200000000003,31.900000000000002,1.3070000000000002,0.617,116935.59999999999,0.388765299393503,176.69000000000003,16.52,0.7999999999999999,26.900000000000002,1.2,80.23,0.848,1.0,0.0,0.0,0.0,0.0,0.0
136,Romania,122145.52049999998,1614.5458333333333,3157.4420000000005,5.376166666666667,4.467,0.3489,2.8666666666666667,79.84786013751018,41.78666666666666,47.22,85.129,43.0,17.849999999999998,11.69,23313.198999999997,5.7,370.94599999999997,9.74,22.900000000000002,37.1,6.892,76.05,0.828,0.0,1.0,0.0,0.0,0.0,0.0
137,Russia,83526.81200000002,1075.8686666666667,2241.0046666666667,4.56,6.116333333333333,0.14443333333333333,6.966666666666666,52.706666666666656,48.080000000000005,48.61000000000001,8.823,39.6,14.177999999999999,9.392999999999999,24765.953999999998,0.09999999999999999,431.29699999999997,6.18,23.400000000000002,58.300000000000004,8.049999999999999,72.58,0.824,0.0,1.0,0.0,0.0,0.0,0.0
138,Rwanda,9720.081833333334,3.1381666666666668,108.82600000000001,0.07516666666666667,0.8228333333333332,0.00525,194.16666666666666,65.2,54.0,50.93,494.8690000000001,20.3,2.9739999999999998,1.6419999999999997,1854.211,56.0,191.375,4.28,4.7,21.0,1.5499442620562263,69.02,0.543,0.0,0.0,1.0,0.0,0.0,0.0
141,Saint Vincent and the Grenadines,71766.02033333333,197.71899999999997,864.2721666666666,7.489333333333334,0.43583333333333335,0.3504833333333333,4.05,30.986666666666668,25.133333333333336,59.072139225693796,281.78700000000003,31.8,7.724000000000001,4.832,10727.146,3.3790868415135913,252.67499999999998,11.62,5.777618990451957,44.206270890633185,2.6,72.52999999999999,0.738,0.0,0.0,0.0,1.0,0.0,0.0
144,Sao Tome and Principe,26444.12966666667,16.41566666666667,314.8823333333333,1.4923333333333335,0.6839109842721655,0.2560126854648848,5.864871506513573,42.0,30.0,62.47358658797038,212.84099999999998,18.7,2.8859999999999997,2.1619999999999995,3052.7140000000004,32.300000000000004,270.113,2.42,2.2642007290075106,40.58497070445412,2.9,70.39,0.625,0.0,0.0,1.0,0.0,0.0,0.0
145,Saudi Arabia,19819.317833333334,102.02116666666666,253.19250000000002,0.066,3.936833333333333,0.028333333333333335,35.28333333333334,72.515,67.24666666666667,58.32999999999999,15.322000000000001,31.900000000000002,3.2950000000000004,1.845,49045.41099999999,0.8845688957719255,259.538,17.72,1.8,25.400000000000002,2.6999999999999997,75.13,0.8540000000000001,1.0,0.0,0.0,0.0,0.0,0.0
146,Senegal,4950.229166666667,2.0061666666666667,113.5125,0.09666666666666668,0.08166666666666668,0.04036666666666667,25.833333333333332,8.230000000000002,5.84,21.3,82.32799999999999,18.7,3.0079999999999996,1.796,2470.58,38.0,241.21900000000002,2.42,0.39999999999999997,16.599999999999998,1.0222661297661624,67.94,0.512,0.0,0.0,1.0,0.0,0.0,0.0
147,Serbia,252574.12933333335,2196.133333333333,2013.8356666666666,8.780166666666668,4.785833333333334,0.5003166666666666,2.0,48.546666666666674,47.26333333333334,36.11000000000001,80.291,41.199999999999996,17.366,4.333761616634221,14048.881,0.5659000337516152,439.415,10.08,37.699999999999996,40.199999999999996,5.609000000000001,76.0,0.8059999999999999,0.0,1.0,0.0,0.0,0.0,0.0
148,Seychelles,379921.14016666665,979.0044999999999,1556.9709999999998,0.0,28.94684106761803,0.2577303473985722,4.332473681464605,84.60000000000001,79.8,75.0,208.354,36.199999999999996,8.606,5.585999999999999,26382.287,1.0999999999999999,242.648,10.549999999999999,7.1000000000000005,35.699999999999996,3.6,73.39999999999999,0.7959999999999999,0.0,0.0,1.0,0.0,0.0,0.0
149,Sierra Leone,936.68,0.10250000000000002,15.354000000000001,0.0,0.02777857815253579,0.03168811054598101,43.42073887845665,4.276255468417027,2.6452390284936755,48.15,104.7,19.099999999999998,2.5380000000000003,1.285,1390.3,52.199999999999996,325.721,2.42,8.799999999999999,41.300000000000004,0.45986013075230014,54.699999999999996,0.452,0.0,0.0,1.0,0.0,0.0,0.0
150,Singapore,68369.4255,1138.6973333333333,158.21349999999998,0.39716666666666667,44.11766666666667,0.02205,45.633333333333326,90.49166666666667,85.925,60.19,7915.731,42.4,12.921999999999999,7.0489999999999995,85535.38300000002,0.3871954636194193,92.243,10.99,5.2,28.3,2.4,83.62,0.9379999999999998,1.0,0.0,0.0,0.0,0.0,0.0
151,Slovakia,302884.4841666667,4165.175666666667,3286.0670000000005,3.9150000000000005,13.145833333333334,0.2743333333333333,3.65,51.65999999999999,50.34,48.76666666666667,113.12799999999997,41.199999999999996,15.069999999999999,9.167,30155.152000000002,0.7000000000000001,287.959,7.29,23.099999999999998,37.699999999999996,5.82,77.54,0.86,0.0,1.0,0.0,0.0,0.0,0.0
152,Slovenia,367810.109,6704.597000000001,2850.468166666667,8.739333333333335,31.078333333333333,0.25283333333333335,4.65,60.699999999999996,58.315,62.96,102.61900000000001,44.5,19.062,12.930000000000001,31400.84,0.9443958346975417,153.49299999999997,7.25,20.099999999999998,25.0,4.5,81.32,0.9169999999999999,0.0,1.0,0.0,0.0,0.0,0.0
155,South Africa,60234.057,52.01916666666667,1591.9219999999998,2.0598333333333336,0.5166666666666667,0.09573333333333334,10.483333333333334,32.843333333333334,27.856666666666666,41.67000000000001,46.754,27.3,5.344,3.0530000000000004,12294.876000000002,18.900000000000002,200.38,5.52,8.1,33.199999999999996,2.32,64.13,0.7090000000000001,0.0,0.0,1.0,0.0,0.0,0.0
156,South Korea,18685.080833333337,587.7281666666667,133.35883333333334,0.3701666666666667,0.013999999999999999,0.216776544253672,18.353517386452992,87.17333333333333,86.00166666666667,49.54,527.967,43.4,13.914000000000001,8.622,35938.374,0.19999999999999998,85.99799999999999,6.8,6.2,40.9,12.269999999999998,83.02999999999999,0.916,1.0,0.0,0.0,0.0,0.0,0.0
157,South Sudan,1478.131,0.5711666666666667,12.037,0.0,0.06383333333333334,0.0116,88.88333333333334,2.86,2.44,36.11000000000001,58.996393559020376,19.2,3.4410000000000003,2.032,1569.888,56.706929906304005,280.77500000000003,10.43,3.631700644930561,28.467603147101375,0.22978520562249502,57.85,0.433,0.0,0.0,1.0,0.0,0.0,0.0
158,Spain,217360.36933333334,850.2224999999999,2009.653333333333,2.9058333333333333,4.152499999999999,0.297,3.3666666666666667,87.59000000000002,81.97,46.76,93.105,45.5,19.436000000000003,13.799000000000001,34272.35999999999,1.0,99.403,7.170000000000001,27.400000000000002,31.400000000000002,2.97,83.56,0.904,0.0,1.0,0.0,0.0,0.0,0.0
159,Sri Lanka,28624.284333333333,56.86750000000001,722.509,1.1938333333333333,0.6586666666666667,0.08328333333333333,12.049999999999999,77.8775,65.0,52.779999999999994,341.955,34.1,10.069,5.331,11669.077,0.7000000000000001,197.093,10.68,0.3,27.0,3.6,76.98,0.782,1.0,0.0,0.0,0.0,0.0,0.0
160,Sudan,1307.5488333333335,4.609333333333333,79.14816666666667,0.5455,0.042966420960178685,0.021920197400175034,63.56765195253937,9.82,4.420000000000001,11.11,23.258000000000006,19.7,3.5480000000000005,2.0340000000000003,4466.5070000000005,11.168859965344272,431.388,15.67,1.7875328266115007,20.255869867766943,0.7999999999999999,65.31,0.5099999999999999,0.0,0.0,1.0,0.0,0.0,0.0
161,Suriname,126582.88799999999,496.228,2153.8880000000004,5.6325,0.9666666666666667,0.417,2.4,44.77,39.41,60.19,3.6120000000000005,29.599999999999998,6.933,4.229,13767.119,1.905739419401693,258.314,12.54,7.3999999999999995,42.9,3.1,71.68,0.738,0.0,0.0,0.0,0.0,1.0,0.0
162,Sweden,221945.93600000002,3565.0525000000002,1585.0966666666666,5.331333333333333,5.888999999999999,0.56275,1.7833333333333332,76.52999999999999,74.08,50.0,24.718000000000004,41.0,19.985,13.432999999999998,46949.282999999996,0.5,133.982,4.79,18.8,18.900000000000002,2.22,82.8,0.945,0.0,1.0,0.0,0.0,0.0,0.0
163,Switzerland,267202.50549999997,2755.1318333333334,1464.5755,1.4915,10.291333333333332,0.4003333333333334,2.5,69.59166666666667,68.04,56.48,214.24299999999997,43.1,18.436000000000003,12.644,57410.16599999999,0.3299885725620332,99.73899999999999,5.59,22.599999999999998,28.900000000000002,4.53,83.77999999999999,0.955,0.0,1.0,0.0,0.0,0.0,0.0
166,Tajikistan,1818.3263333333332,0.46166666666666667,12.821,0.0,0.04997175374635411,0.026658568566839336,51.20840858476912,47.79,39.71,18.52,64.281,23.3,3.4660000000000006,2.155,2896.913,4.8,427.69800000000004,7.11,1.6686617403596964,19.883327294693427,4.8,71.10000000000001,0.668,1.0,0.0,0.0,0.0,0.0,0.0
167,Tanzania,540.339,0.0,12.83,0.0,0.016,0.0441,22.7,4.8,83.5,8.33,64.699,17.7,3.108,1.8740000000000003,2683.304,49.1,217.28799999999998,5.75,3.3000000000000003,26.7,0.7000000000000001,65.46,0.529,0.0,0.0,1.0,0.0,0.0,0.0
168,Thailand,35473.72016666667,141.78300000000002,318.1998333333333,0.2813333333333333,0.6755,0.18645,5.366666666666666,75.02499999999999,69.85333333333332,48.15,135.13200000000003,40.1,11.373,6.89,16277.671,0.09999999999999999,109.861,7.04,1.9000000000000001,38.800000000000004,2.1,77.14999999999999,0.777,1.0,0.0,0.0,0.0,0.0,0.0
169,Timor,15054.599666666663,56.677,90.78200000000002,0.0,0.18199999999999997,0.19776666666666667,5.45,50.04,42.01,36.11000000000001,87.176,18.0,3.5560000000000005,1.897,6570.102,30.3,335.346,6.86,6.3,78.10000000000001,5.8999999999999995,69.5,0.606,1.0,0.0,0.0,0.0,0.0,0.0
170,Togo,4310.976166666666,2.0051666666666668,31.610000000000003,0.0,0.10916666666666665,0.01595,63.949999999999996,16.8,12.9,43.52,143.366,19.400000000000002,2.839,1.5250000000000001,1429.8129999999999,49.199999999999996,280.03299999999996,6.1499999999999995,0.9,14.200000000000001,0.7000000000000001,61.04,0.515,0.0,0.0,1.0,0.0,0.0,0.0
172,Trinidad and Tobago,80989.10166666667,441.9111666666666,2450.0476666666673,6.650666666666666,2.2196666666666665,0.19849999999999998,5.05,52.385,49.406666666666666,56.48,266.88599999999997,36.199999999999996,10.013999999999998,5.819,28763.071,0.12155014065726505,228.467,10.97,7.717409147134848,32.9487237562017,3.0,73.51,0.7959999999999999,0.0,0.0,0.0,1.0,0.0,0.0
173,Tunisia,77984.50666666667,479.81866666666656,2221.042,5.459833333333333,1.4173333333333333,0.4199,2.3666666666666667,59.55833333333333,52.51,55.56,74.22800000000001,32.699999999999996,8.001,5.075,10849.296999999999,2.0,318.991,8.519999999999998,1.0999999999999999,65.8,2.3000000000000003,76.7,0.7400000000000001,0.0,0.0,1.0,0.0,0.0,0.0
174,Turkey,140982.5741666667,1212.3688333333332,1036.9061666666666,2.583166666666667,5.2011666666666665,0.22168333333333334,4.516666666666666,67.57666666666667,61.69833333333333,58.32999999999999,104.914,31.599999999999998,8.152999999999999,5.061,25129.341,0.19999999999999998,171.285,12.13,14.1,41.1,2.81,77.69,0.82,1.0,0.0,0.0,0.0,0.0,0.0
175,Uganda,3439.884333333333,1.5348333333333333,75.28433333333334,0.085,0.06949999999999999,0.03596666666666667,28.21666666666667,23.2,4.3,34.26,213.75900000000001,16.400000000000002,2.1679999999999997,1.308,1697.707,41.6,213.333,2.5,3.4,16.7,0.5,63.37,0.544,0.0,0.0,1.0,0.0,0.0,0.0
176,Ukraine,100909.09500000002,869.2913333333335,2475.2940000000003,4.397833333333334,1.7905,0.4287666666666666,2.333333333333333,35.48499999999999,33.946666666666665,75.0,77.39,41.4,16.462,11.132999999999997,7894.392999999999,0.09999999999999999,539.849,7.11,13.5,47.4,8.799999999999999,72.06,0.779,0.0,1.0,0.0,0.0,0.0,0.0
177,United Arab Emirates,85324.98433333333,210.17083333333335,225.8015,0.35000000000000003,49.1225,0.004516666666666666,222.1833333333333,91.15556252039787,93.46666666666665,44.44,112.44200000000001,34.0,1.1440000000000001,0.5259999999999999,67293.483,0.4024470636730674,317.84,17.26,1.2,37.4,1.2,77.97000000000001,0.89,1.0,0.0,0.0,0.0,0.0,0.0
178,United Kingdom,259146.13049999997,1197.0648333333334,2314.9026666666664,4.845833333333334,18.126166666666666,0.059199999999999996,16.916666666666668,76.835,71.15833333333335,42.13,272.89799999999997,40.800000000000004,18.517,12.527000000000001,39753.244,0.19999999999999998,122.13699999999999,4.28,20.0,24.7,2.5399999999999996,81.32,0.932,0.0,1.0,0.0,0.0,0.0,0.0
179,United States,228596.4646666667,728.2315,2694.656166666666,7.411666666666666,4.42,0.15883333333333335,6.3500000000000005,75.86833333333333,64.64666666666666,58.800000000000004,35.608000000000004,38.300000000000004,15.412999999999998,9.732000000000001,54225.445999999996,1.2,151.08899999999997,10.79,19.099999999999998,24.599999999999998,2.77,78.86,0.926,0.0,0.0,0.0,1.0,0.0,0.0
181,Uruguay,202179.08250000002,2755.355666666667,1888.9660000000001,7.555833333333332,7.0680000000000005,0.3920166666666666,2.55,83.515,77.38333333333333,28.7,19.751,35.6,14.655,10.360999999999999,20551.409,0.09999999999999999,160.708,6.93,14.0,19.900000000000002,2.8000000000000003,77.90999999999998,0.8170000000000001,0.0,0.0,0.0,0.0,1.0,0.0
182,Uzbekistan,6673.741000000001,28.42616666666667,46.45033333333333,0.09816666666666667,3.4234857049659713,0.061393090959272055,34.728208309079456,53.699999999999996,37.12,45.37,76.134,28.2,4.469,2.8730000000000007,6253.104,5.279950370768092,724.4169999999999,7.57,1.3,24.7,4.0,71.72000000000001,0.7199999999999999,1.0,0.0,0.0,0.0,0.0,0.0
183,Vanuatu,22.26,0.0,3.18,0.0,0.016441552761032947,0.04086272098976612,25.365477871576918,4.438339021458045,44.40576051474596,22.22,22.662000000000003,23.099999999999998,4.393999999999999,2.6200000000000006,2921.909,13.200000000000001,546.3000000000001,12.019999999999998,2.8000000000000003,34.5,0.6321233235936279,70.47000000000001,0.609,0.0,0.0,0.0,0.0,0.0,1.0
184,Venezuela,17119.935166666666,59.856,190.51316666666665,0.23233333333333336,0.670674153309755,0.05387220997924092,21.815984799010536,75.73,49.26,28.7,36.25299999999999,29.0,6.614,3.9149999999999996,16745.022,8.953840639491293,204.85,6.47,4.885791885438857,70.14140875757664,0.7999999999999999,72.06,0.711,0.0,0.0,0.0,0.0,1.0,0.0
185,Vietnam,23551.022666666668,112.46600000000001,387.68100000000004,0.9286666666666666,0.36633333333333334,0.44240000000000007,2.483333333333334,80.55833333333334,75.57,63.88999999999999,308.127,32.6,7.1499999999999995,4.718,6171.883999999999,2.0,245.465,6.0,1.0,45.9,2.6,75.39999999999999,0.7040000000000001,1.0,0.0,0.0,0.0,0.0,0.0
186,Yemen,365.0246666666667,0.8035,66.288,0.08766666666666667,0.017302829442952236,0.038077738368101625,27.509933944417373,4.209413662648582,2.601189466909662,26.849999999999998,53.508,20.3,2.922,1.5830000000000002,1479.1470000000002,18.8,495.0030000000001,5.3500000000000005,7.6000000000000005,29.2,0.7000000000000001,66.12,0.4699999999999999,1.0,0.0,0.0,0.0,0.0,0.0
187,Zambia,16195.90516666667,19.01816666666667,207.46283333333335,0.11466666666666668,0.1978333333333333,0.09426666666666668,10.649999999999999,25.382875451985495,8.94,27.78,22.995,17.7,2.48,1.5419999999999998,3689.2509999999997,57.5,234.49900000000002,3.94,3.1,24.7,2.0,63.88999999999999,0.584,0.0,0.0,1.0,0.0,0.0,0.0
188,Zimbabwe,15250.810333333333,8.127833333333333,354.9301666666667,0.265,1.2553333333333334,0.008450000000000001,135.79999999999998,28.41,21.97333333333333,50.0,42.72899999999999,19.599999999999998,2.8219999999999996,1.882,1899.7749999999999,21.400000000000002,307.846,1.82,1.5999999999999999,30.7,1.7,61.49,0.5710000000000001,0.0,0.0,1.0,0.0,0.0,0.0
